,0,1,2
0,@EgyptTodayMag,2024-03-30T16:15:58.000Z,"Egyptâ€™s FM holds a joint press conference with French and Jordanian FM in Cairo, saying they have underlined the need for an immediate, permanent ceasefire in Gaza and unhindered aid delivery.

#Egypt #Palestine #MiddleEast #Israel #GAZA | #ØªØ­ÙŠØ§_Ù…ØµØ± #Ù…ØµØ± #ÙÙ„Ø³Ø·ÙŠÙ†  #Ø³Ø§Ù…Ø­_Ø´ÙƒØ±ÙŠ #ØºØ²Ø©"
1,@wRLMyxE7ZEr5CKr,2024-03-30T16:11:20.000Z,It is rulers and governments who start wars! All citizens are against war! All citizens want to have dinner together as a family every day. Against war! Against war! ! Against war! ! ! #Ğ£ĞºÑ€Ğ°Ğ¸Ğ½Ğ° #Ğ Ğ¾ÑÑĞ¸Ñ #ĞŸĞ°Ğ»ĞµÑÑ‚Ğ¸Ğ½Ğ° #Ğ“Ğ°Ğ·Ğ° #Ğ˜Ğ·Ñ€Ğ°Ğ¸Ğ»ÑŒ #Ukraine #Russia #Palestine #Gaza #Israel
2,@WireDispatch,2024-03-30T16:13:04.000Z,"News II:

Pro-#Palestine activists try to prevent warship in San Francisco from moving to support #Israel .

#Follow for more #news #Updates

#IDF #Israel #Palestine #Hamas #Lebanon #Hezbollah #Yemen"
3,@MiddleEastEye,2024-03-30T15:05:10.000Z," UPDATE #Israel #Palestine 

Around 20 relatives of Israeli captives in Gaza demanded Netanyahu's resignation, urging lawmakers to support their call for his ""immediate replacement.""

Follow our live updates below 
https://middleeasteye.net/live/gaza-israel-hamas-palestine-war-conflictâ€¦"
4,@JerryHicksUnite,2024-03-30T14:58:30.000Z,"#ShowTheWorld #Protest4Palestine #London
Protest for Palestine and Gaza
Stop the genocide
30th March 2024
Protesters have gathered in London UK for the 11th National March for Palestine
https://trib.al/jkBFyql 
#Israel #Gaza #Palestine #genocide #Ceasefire"
5,@quds_feed,2024-03-30T16:06:08.000Z," Urgent| 20 wounded by occupation bullets, while Palestinians were trying to reach their homes near Al-Aqsa University in Khan Yunis.

#ØºØ²Ø© #ÙÙ„Ø³Ø·ÙŠÙ† #ØºØ²Ø©_ØªØ­Øª_Ø§Ù„Ù‚ØµÙ #Ø·ÙˆÙØ§Ù†_Ø§Ù„Ø£Ù‚ØµÙ‰
#Gaza #GazaUnderAttack #Palestine #Photography #News #Israel"
6,@svanwessem,2024-03-30T16:04:29.000Z,"â€œThere have already been too many casualties since Oct. 7. Letâ€™s not allow history to be one of them.â€

Right 
@KairosSabeel_NL
 @SabeelJerusalem
 @SabeelKairos
?

#palestine #israel #replacementtheology"
7,@3beadMohamed,2024-03-30T16:00:12.000Z,"Resistance affects the descendants of monkeys, pigs and snakes #Gaza_in_Genocide #Palestine_Genocide #Israel #Palestine #Ø·ÙˆÙØ§Øª_Ø§Ù„Ø§Ù‚ØµÙ‰"
8,@Dil_Aw_Jan,2024-03-30T14:24:21.000Z,#Palestine #Gaza #DALS #Israel #news
9,@NoaLevi07102023,2024-03-30T16:02:38.000Z,"HEADLINES
- **IDF Strikes Gaza Hospital, Eliminates Key Hamas Leaders in Precision Operation**
- **Netanyahu Faces Criticism Over Alleged Obstruction ...
12 PM update of Israel Today: Ongoing War Report
Listen and Subscribe: https://podcasts.apple.com/us/podcast/israel-today-ongoing-war-report/id1713244419â€¦
#Israel #Hamas #Gaza #Palestine"
10,@WKazingmei,2024-03-30T16:01:48.000Z,"Hamas member comes back to his house and finds a group of Gazans taking shelter, he calls his friend over and beats them.
#MiddleEast #Hamas #HamasTerrorists #FreeGazaFromHamas #FreePalestine #Palestine #Gaza #Israel #IsraelPalestineWar #BringThemHome"
11,@lunahezame,2024-03-30T15:56:49.000Z,"unfortunately!
corrupt people are leading Muslim countries.. and all governments are complicit with #Israel and #USA in this brutality... there will come a day when we will have our #Palestine insha'Allah.
#Gaza #GazaGenocide #IsraeliNazis #NetanyahuWarCriminal"
12,@Itongadol,2024-03-30T15:48:05.000Z,"Rusia condenÃ³ el ataque que le atribuyen a Israel  sobre Siria 
#Russia #Putin #Israel #Syria 
Nota 
https://agenciaajn.com/noticia/rusia-condeno-ataque-atribuido-a-israel-en-siria-235615â€¦

#HamasisISIS #Israel #Gaza #Hamas   #ÙÙ„Ø³Ø·ÙŠÙ† #Ø¨Ø§Ù„Ù‚Ø¯Ø³ #Ø§Ù„Ø³Ù„Ø·Ø©  #Ù‡Ù†ÙŠØ© #Ù†Ø§Ø¨Ù„Ø³ #Ø§Ù„Ø³Ù‡Ù…_Ø§Ù„ÙˆØ§Ù‚ÙŠ #Ø§Ø·Ù„Ø§Ø¹â€ŒÙ†Ú¯Ø§Ø´Øª #Palestine #YihadØ¨Ø®Ø§Ù†ÙŠÙˆÙ†Ø³ #qatar #Ø¬Ù†ÙŠÙ† #Hezbollah"
13,@NabilaRamdani,2024-03-30T15:42:26.000Z,"Pro-#Palestine demos in #Paris still going strong to the tune of â€œMy Blood is Palestinianâ€ by 
@MohammedAssaf89
 who grew up in a refugee camp in #Gaza. The marchers are â€œall Palestinianâ€  today to call for an end to the ongoing #Israel-i #genocide of the Palestinian people."
14,@lloydparkeriow,2024-03-30T12:43:34.000Z,"When you are so bigotted, so racist, so pro #GazaGenocide 
This is exactly what you say
And guess what
They have bought many Senators to Reps to repeat these LIES
#Zionism is a mental illness
#Gaza
#Palestine 
#Israel
#America"
15,@AdamSaeedSweden,2024-03-30T15:39:24.000Z,"The Zionist thugs have a lot of power & control but together the world will sooner or later put an end this supremist ideology.
#svpol #svpolitik #norpol #dkpol 
@UKparliament
 @Houseofcommons
 @UKHouseofLords
 #GazaGenocide #Palestine #Gaza #Apartheid #Israel"
16,@JoBaudoin,2024-03-30T14:48:07.000Z,"Nouvelle dÃ©coration pour SFR, propriÃ©tÃ© de Patrick Drahi. #Palestine #Israel #Gaza #manifestation"
17,@Prabhxt,2024-03-29T18:34:09.000Z,"And yet they cry why are they being attacked
#Terroristattack 
#terrorist 
#terrorism 
#Palestine 
#Israel"
18,@TheManarShow,2024-03-30T02:25:17.000Z,"You cannot, truthfully, call the butchering of men, women, and especially children, horrific? You support the biggest of the butchers, Benjamin Netanyahu. Or is the issue mainly with the men, women, and children of the West? 
#BenjaminNetanyahu #Israel #Palestine"
19,@NicolettaLucher,2024-03-30T15:37:08.000Z,"- Say?
- I have to stay on a diet. Do you have something to close your stomach?
- The news, ma'am.
#news #Guerra #Guerre #Ucrania #Palestine #Gaza #Israel #Russia 
#30marzo"
20,@Idontcare3232,2024-03-30T15:39:12.000Z,#Israel #Gaza #Gazze #Filistin #Palestine #Hamas #gazaunderattack #ceasefire #Trending #FreePalestine #Palestina #USA #MedioOriente #PalestinaLibre
21,@heenaOnly,2024-03-30T15:35:49.000Z,"I will write ""Tabah"" #Israel ;
May I write ""Free"" #Palestine !!"
22,@abdelkarroum,2024-03-30T15:33:55.000Z," BERLIN on March 29, 2024, Demonstration in support of #Gaza #Palestine marred by Arrests..... where has our freedom of expression gone??The German government is quickly forgetting its past...  #Melenchon #PlandUrgence93 #Israel #Gaza_in_Genocide #Molina #Qatargate"
23,@noellelenoir,2024-03-30T07:42:19.000Z,"#Israel #7oct #Palestine
prÃ©sentation du film poignante, un spectacle rÃ©voltant Ã  la vue de ces sauvages dÃ©cervelÃ©s et brainwashes hurlant et gesticulant pour appeler au #meurtre des #juifs! Croyez bien que les juifs ne sont pas seuls Ã  avoir la nausÃ©e face Ã  ces  #barbares!"
24,@ShaikhHashir4,2024-03-30T15:31:23.000Z,"#Palestine qiyamat ki nishaniyaan puri hoti ja rhi h... End is near
#Israel #Gaza"
25,@Majtrekker,2024-03-30T15:31:34.000Z,#BREAKING_NEWS #london comes out to support #palestine and against the #Genocide_in_Gaza #israel is a terror state which must be stopped by any means necessary from further slaughter and destruction
26,@creterion,2024-03-30T15:31:19.000Z,"Quran ask #Muslims, patience to extent of so much tht he may die in it (as in #Palestine) but shud not lose hope or faith in Allah. Allah informs the Hardships of #Palestinians are nothing in front of Hardships on Day of Hardship, the Day of horrors to deniers (#usa #uk #israel)"
27,@OldS0ULNewWorld,2024-03-30T15:29:15.000Z,"#DailyWire Debacle Getting Worse#ChristIsKing
#CandaceOwens #Censorship #Israel #Palestine #FreeSpeech #DaveRubin #BenShapiro"
28,@AlaslamHmayh,2024-03-30T15:27:15.000Z,"Have you heard about the truth about the corpse in Gaza that sends messages on the phone? See for yourself 
#Palestine #Israel"
29,@Salman323190113,2024-03-30T15:23:47.000Z," Salute to the #Indian workers for a call of #Humanity 

Indian workers refuse to handle #IsraeliNazis #Cargo and also deny to handle #Ships from #Countries supporting #Israel against #Palestine"
30,@t_flower_g,2024-03-30T13:53:23.000Z,"Simply mentally ill. Being unempathetic is a form of psychopathy, brainwashed or not... it's pathological. #ICJ_evidence #IsraeliCrimes #GazaGenocide #EthnicCleansingOfPalestine #PalestineHolocaust #Gaza #Palestine #Israel
@CIJ_ICJ
 @UNHumanRights
 @hrw
 @amnesty"
31,@anna69844943,2024-03-30T15:25:45.000Z,#Palestine How is Israel treating you  ? after you all murdered them in their sleep. You fkd up. Now you pay the price.  #Israel
32,@lesecologistes1,2024-03-30T06:31:35.000Z,#Israel #Cisjordanie #Palestine : an Israeli documentary  denounces the illegal colonization of Nathanayou
33,@RealWorldImage,2024-03-30T15:22:39.000Z,"Palestinian protesters try to disrupt an anti-Semitic rally in Davidshall, MalmÃ¶, Sweden. October, 2023. Gary Moore photos. Real World Photographs. #realworldphotographs #war #Israel #Palestine #Malmo #Sweden #protest #garymoorephotography #conflict #police #polis"
34,@AlainFrNews,2024-03-30T15:19:05.000Z,"Tragedy in Gaza during aid distribution: five dead and thirty injured

#Gaza #Palestine #Israel #Tesyeuxsurlemonde"
35,@The_Prophet_369,2024-03-30T15:23:17.000Z,"In this place where I once died
Demons dreaming
Knowing I... I just needed to realign
Fell in a river of illusion
Drowning in a self-induced confusion
I'd rather be yeah
In this place where I once died
#WWIII #Israel #UkraineRussiaWar #Palestine #UFO #UFOs"
36,@roo7yn,2024-03-30T15:22:14.000Z,"Singing happily, gloating the murder of a Palestinian family that was shot by IDF.

What a disgusting world are we living in? 
.
#Israel #IsraelisISIS #IsraelIsATerroristState #Gaza #GazaGenocide #Palestine #ÙÙ„Ø³Ø·ÙŠÙ† #ØºØ²Ø©"
37,@LebiTigray,2024-03-30T15:21:25.000Z,"#Israel population are NOT #jews of the #bible they are colonial demons from #Europe that have hijacked Judaism religion and Jew identity
#Palestine_Genocide 
#Palestine
#Famine 
#Holocaust"
38,@InfosMinutesFR,2024-03-30T15:17:20.000Z, /   : Malaysian police arrested a Franco-Israeli in Kuala Lumpur with numerous firearms and suspected of being close to the Mossad. #France #Israel #Gaza #Palestine #Malaisie
39,@Intent_A,2024-03-30T15:17:04.000Z,"#Russia #Gaza #Palestine #Hezbollah #Iran #Israel 

Sheikh Imran Hosein: 

IsraelÂ´s false-flag operation in Gaza & Russia on Palestinian side

Video 
https://odysee.com/@TMSLL:6/Sheikh-Imran-Hosein--Israel%C2%B4s-false-flag-operation-in-Gaza---Russia-on-Palestinian-side:5â€¦"
40,@BOVETDidier,2024-03-29T14:48:11.000Z,"#Gaza War,meeting with a high officer : We have destroyed 18 Hamas Bataillons /24. So Estimated~10/15 000 KIA in 6 months.
Hamas : 30 000 +IslamicDjihad 10 000, loss ~25 % /6 months. So 2 years will be necessary to achieve our goal to eradicate Hamas #Israel #Palestine #NATO"
41,@Romernyheter,2024-03-30T15:12:06.000Z,"Israel fires at the UN and has injured UN personnel and denies it! Don't you see how sick Israel is and wants to cover up everything they do now!

https://youtube.com/watch?v=uhURGpElVloâ€¦
#Israel #Usa #Uk #Palestine #Genocide"
42,@Awakened_Hybrid,2024-03-30T15:11:27.000Z,"Just WOW!

#zionism #israel #palestine"
43,@Hus53006Kashif,2024-03-30T15:11:22.000Z,"Astaghfir Allah, look at the condition of Al-Aqsa Mosque

What happened to my soul?
I am asking for your grace

I am obsessed with seeing you
Not at all in my actions
Peace be upon him 

#Hezbollah #lebanon #Al_Aqsa #Gijzeling #Israel #America #Palestine #Gaza #Hamas #Syria"
44,@ilpolitico_web,2024-03-30T15:09:27.000Z,"#Gaza  today the Red Crescent managed to deliver 10 parcels of food aid to the population of Gaza.

#Israel #GazaWar #Palestine"
45,@Ragiel1130561,2024-03-30T13:53:23.000Z,#Palestine #Israel  #Gaza #ì´ìŠ¤ë¼ì—˜ #íŒ”ë ˆìŠ¤íƒ€ì¸ #ê°€ì #ì „ìŸ #ì¸ë¥˜ #í…ŒëŸ¬ë¦¬ìŠ¤íŠ¸ #ãƒ‘ãƒ¬ã‚¹ãƒãƒŠ #ã‚¬ã‚¶ #ã‚¤ã‚¹ãƒ©ã‚¨ãƒ«
46,@AlfredoSegarra4,2024-03-30T15:05:12.000Z,"Wait for the end #bible #gaza #israel #jesus #palestine #youtubemadefory... https://youtube.com/shorts/sGd3dAJiNck?si=D-HM_EFCdza8iR6fâ€¦ via 
@YouTube"
47,@arabnews,2024-03-30T09:40:37.000Z,"#UPDATE: #Jordan's FM 
@AymanHsafadi
 - We can deal with famine in #Gaza in short term if #Israel opens crossing for aid to enter #Palestine #Hamas https://arab.news/pe2aq"
48,@Mahanologytv,2024-03-30T15:07:35.000Z,"Israel's Alternative Project to Suez Canal
https://youtu.be/bAUtXKjtP-w

#israel #suez #egypt #palestine #news #mahanology"
49,@MattLCapon,2024-03-30T12:35:40.000Z,"As the #Palestine march has made its way past the #Israel counter protest it has become very tense with several incidents inc. one person who appeared to be holding a particularly nasty anti-semitic sign.

There's now a pro-#Palestinian sit down protest on Aldwych."
50,@serena03843,2023-12-01T13:34:41.000Z,"#Israel #Palestine 

4200 palestiniens emprisonnÃ©s depuis 7 octobre  2023 ! "
51,@IiReMMO,2024-03-30T15:00:02.000Z,"#Ã€Savoir |  In #MasaferYatta , south of #HÃ©bron , #IsraÃ«l to begin in 2022 the expulsion of the inhabitants #palestiniens of 8 villages to create a military training zone.
 On Yaani, the Palestinians and their wounds bear witness
https://yaani.fr/post/les-blessures-qui-ne-cicatrisent-pas-%C3%A0-masafer-yattaâ€¦
#Cisjordanie #Palestine"
52,@BoyInStocks,2024-03-29T19:33:13.000Z,"Many, if not all, of da #Palestine #protesters are being paid to be at da #protest. Go #Woke, go broke.
#IsraelPalestineWar #Israel 
#SlavaUkraini 
#WokeMindVirus"
53,@tworldreviews,2024-03-30T15:01:08.000Z," Belgium announces recognition of Palestine as an independent state, calling for #Israel to prioritize humanitarian aid access to #Gaza, especially for civilians and children. A significant stance in pursuit of peace and justice.

 #Belgium #Palestine #HumanitarianAid "
54,@DrHbooks,2024-03-30T14:55:12.000Z,#War #peace #palestine #israel #middleeast #ceasfirenow #ceasefirenow #art #illustration #digitalart #digitalillustration #press #freedom #freespeach #journalism #freejournalism
55,@AndreaDoremus,2024-03-29T21:07:56.000Z,"On #GoodFriday, #Easter2024, s of #Christians & allies so powerfully marked #Jesusâ€™ #StationsOfTheCross & passion, calling out #Christian-identified politicians to practice the Gospel of love & justice as preached by #JesusChrist in #Israel #Palestine.

#Boston #mapoli #bospoli"
56,@palinfoen,2024-03-30T15:00:00.000Z,"#Israel has ""directly hit"" 212 schools in #Palestine's Gaza since October 7, a UN-partnered analysis has said, adding if Israel ends its war on #Gaza, at least 67% of schools ""will either need full reconstruction or major rehabilitation work to be functional again""
#GazaHoloucast"
57,@FarzanHyderabad,2024-03-30T14:53:27.000Z,"https://youtu.be/f0dSLX9leSU?si=DwrVoVJtCPV43jIZâ€¦
US criticised for approving weapons for Israel
Gaza death toll crossed 3300
@thesiasattv
  #WorldNews
#GazaWar #GazaAttack #Israel #Palestine #saudiarabia #Umrah
#Ramadhan #UkraineWar
@AJA_Palestine
 @HiHyderabad
 @swachhhyd
 @Raza_AKhan
 @amjedmbt
 @asadowaisi"
58,@dailynarratives,2024-03-30T09:37:57.000Z,"BREAKING:

French police have arrested an Egyptian migrant & ISIS operative suspected of planning a attack against Notre Dame cathedral in Paris

#MoscowAttack #Russia #IPL #Putin #Gaza #Palestine #Iran #India #Israel #ISIS #Pakistan"
59,@jftaveira1993,2024-03-30T14:43:32.000Z,".
@marcowenjones
: â€œHow is #Biden going to position himself as any kind of moral authority when he is contravening laws that are meant to defend the human rights of people like those in #Palestine?â€ https://aljazeera.com/news/2024/3/30/us-approves-bombs-jets-for-israel-amid-threat-of-offensive-in-gazas-rafahâ€¦ #Israel #Gaza"
60,@Seadarkness1,2024-03-29T16:52:52.000Z,"#Palestine #Hamas #Islam #Gaza #CeasefireNOW #Netherlands 
#TheWorld #TrendingNow #news
#Asia #Europe #Africa #genocide
#gaming #streamer #gamers #entertainment #manga #Japan
  #Ø­Ø±Ù‚_ÙˆÙ†_Ø¨ÙŠØ³ #Ø­Ø±Ù‚_ØªØ§ÙˆØ± #ÙÙ„Ø³Ø·ÙŠÙ† 
#Israel #terrorist #terrorists"
61,@buzzyanne,2024-03-30T09:12:29.000Z,Why does The World allow the rogue apartheid state of #Israel to steal Land of #Palestine with NO repercussions? #NetzarimCorridor #EternalShame
62,@Olivier40121476,2024-03-30T14:39:59.000Z,"#Palestine

#IsraÃ«l intensely bombs #Rafah , where more than 1.7 million Palestinians are taking refuge.
Israel ignored #ONU resolution calling for immediate ceasefire"
63,@ZulfikarAli514,2024-03-30T14:35:37.000Z,"The Israeli military has executed 13 Gazan children in and near Al-Shifa Hospital in the war-torn Gaza Strip in a single week, a report says.
#Gaza #Palestine #GazaStraving #Israel"
64,@Diab0l029,2024-03-30T14:31:56.000Z,"The #USA the #France = > those who arm #Israel are rotten  accounting for the +32,500 deaths #Palestiniens
You will see #Macron walking on the corpses of children, women to place his billionaire construction friends in order to rebuild the #Palestine"
65,@WalidAl_Tamimi,2024-03-30T14:35:34.000Z,"Imagine all uprise against #Israel which this will happen if problem in #Palestine persisted billions of free world people will soon start crawls to help #Palestinians .... You see if far away in fact no one predict, when!!!!"
66,@Tanya_Sekhri,2024-03-30T14:31:01.000Z,#Indian #Politics #India  #Palestine #Israel #Gazawar
67,@Protestda,2024-03-30T14:24:10.000Z,"An Israeli soldier sings a ""happy song"" as she watches a bulldozer collect the bodies of slain Gazans.

#Ğ˜Ğ·Ñ€Ğ°Ğ¸Ğ»ÑŒ #ĞŸĞ°Ğ»ĞµÑÑ‚Ğ¸Ğ½Ğ° #Ğ“Ğ°Ğ·Ğ° #Israel #Palestine #Gaza #IDFTerroristArmy"
68,@LensVeritatis,2024-03-30T13:38:53.000Z,This is just one of several #ICJ judges that have formally declared very strong statements against #Israel. Leaders that continue to support Israel must act now or face the real prospect of themselves being in the dock. #Gaza #Palestine #GazaFamine
69,@Tercron,2024-03-29T23:00:00.000Z,#Gaza #Palestine #Hamas #Israel #Jews
70,@AndersonEiman,2024-03-30T14:20:30.000Z,"ISRAEL is a THIEVING country!!!!!

Itâ€™s LAND DAY!  Commemorating the THIEVERY of Palestinian Lands by ISRAEL!

It CONTINUES till today!

#IsraeliTerrorists 
#IsraeliNazis 
#Palestine 
#israel 
#BoycottIsrael 
#SanctionIsraelNow 
#criminals"
71,@NathanHacham,2024-03-29T21:29:49.000Z,"@mhdksafa
 Judea wasnâ€™t even called Palaestina yet in the time of Jesus! 
Get educated !!! 

And stop hijackingâ€™s other peopleâ€™s religion, history,â€¦ itâ€™s not the next hashtag on X. 

#Israel #Judea not #Palestine"
72,@Ulfh3dnar_,2024-03-30T14:15:59.000Z,"The IDF and Shin Bet reported the elimination by Israeli soldiers in recent days at Shifa Hospital in Gaza City of high-ranking Hamas operatives.

#Israel #Palestine #Gaza"
73,@RNas71,2024-03-30T12:03:08.000Z,"If I had kids I would have taught them to go after thieves and colonizers to. For those are the enemy of all freedom loving folks.

Btw, these kids are talking about Israeli, not 'the Jews'. 

Guess that's why the volume was turned down.
#zionism #nazism #israel #Gaza #Palestine"
74,@LotusFlowerHAMA,2024-03-25T22:56:51.000Z,"I will give you free start, if you want you can do your own research
Balfour declaration 1917,british mandate 1920 to establish nazi zionism in #Palestine
Who are those terrorists groups in #Palestine even before 1948
Why and how they established nazi #Israel in 1948 "
75,@Spart303Mot,2024-03-30T14:04:33.000Z,"London pro Palestine March Saturday 30/03/24 

Pro Hamas supporter openly chanting arrested..
Name and shame this scum 

#Israel #Palestine #London #March"
76,@Marya_mj11,2024-03-28T20:28:50.000Z,"Too many children are facing malnutrition...several DIED FROM IT ALREADY ..and their fault is just being born in their land..
#Gaza #CeasefireNOW #FreePalestine #Palestine #Israel #IsraeliNazis #StopTheGenocideInGaza"
77,@GeneticLiberal,2024-03-30T13:54:42.000Z,"#IsraelLies About Being A Victim So That It Can Victimize (by #CaitlinJohnstone)

>https://soundcloud.com/going_rogue/israel-lies-about-being-a-victim-so-that-it-can-victimize?utm_source=Twitter&utm_campaign=social_sharing&utm_medium=widget&utm_content=https%3A//soundcloud.com/going_rogue/israel-lies-about-being-a-victim-so-that-it-can-victimizeâ€¦

#Gaza #Palestine #Potus #Genocide .
@Maddow
 @SenSchumer
 @JoJoFromJerz
 @MalcolmNance
 #Israel 
@StephMillerShow"
78,@kanafani,2024-03-30T13:25:49.000Z,"I agree with this but at the same time, keep in mind that the West has always been good at seeing any action by the Arab world in support of #Palestine as anti-#Israel belligerence and fundamentally #antisemitic"
79,@DocTK28,2024-03-30T13:57:36.000Z,"Did you know about the collaboration between the #Zionists and the #Nazis to take over #Palestine?  Have a look.

https://instagram.com/reel/C5IsBcor7iM/?igsh=MXU5YW9saWJiNmY4dw%3D%3Dâ€¦

Julian Assange #ToryCorruption Andrew Neil #Lebanon #Hezbollah #Gazaholocaust #GazaGenocide #FreePalestine  #Israel"
80,@care_crisis,2024-03-30T13:57:21.000Z,"#Mossad
â€œSuspected Israeli hitman caught in #Malaysia.â€
#×™×©×¨××œ/#×¤×œ×¡×˜×™×Ÿ/#×¢×–×”
#Palestine/#Gaza/#Israel"
81,@FPPro44,2024-03-30T13:56:05.000Z,"This Zionist was sharing a post about him being smart in Starbucks that he told the batista that his name is "" Yam yisrael whatsover "" which mean "" long live isrselis "" he couldn't stand the realities , so he blocked me

#Israel
#gaza
#palestine
#HOPE_ON_THE_STREET 
#DALS 
#lufc"
82,@GaetanoVallini,2024-03-30T13:53:29.000Z,"#osservatoreromano
#PapaFrancescoâ€¯â€¯â€¯â€¯â€¯â€¯â€¯â€¯â€¯â€¯â€¯â€¯ #PopeFrancis #Peace #Ukraine  #israel #Palestine
#migranti #migrants 
#Clima #ClimateCrisis
http://bit.ly/3tp0uD5"
83,@EnDehorsDLBoite,2024-03-30T13:53:28.000Z,"Draft UN report concludes Israel has reached genocide threshold
(by Brett Wilkins, a Common Dreams publication, March 2024)

#Palestine #Israel
#GazaGenocide #GazaFamine"
84,@IR1979R,2024-03-30T13:47:28.000Z,"Ú†Ú¯ÙˆÙ†Ù‡ Ø³Ø±Ø²Ù…ÛŒÙ† #ÙÙ„Ø³Ø·ÛŒÙ† Ø§Ø² Ø³Ø§Ù„ Û±Û¹Û±Û· ØªØ§Ú©Ù†ÙˆÙ†  Ø¯Ø²Ø¯ÛŒØ¯Ù‡ Ø´Ø¯
How the land of #Palestine was stolen from 1917 until now
 #Gaza
 #Israel
 #Zionist
#ØºØ²Ù‡
#Ø§Ø³Ø±Ø§Ø¦ÛŒÙ„
#ØµÙ‡ÛŒÙˆÙ†ÛŒØ³Øª"
85,@DorothyPS,2024-03-30T13:50:07.000Z,"â€œJewish settlements on the West Bank represent land grabbing, stealing land that belongs to the Palestinians...By constantly expanding settlements, #Israel has shown that it prefers land to peace."" Avi Schlaim, Oxford 
@NatCounterPunch
 #Palestine #WestBank"
86,@Dizzy_Daniels,2024-03-30T13:46:37.000Z,ğ•­ğ–—ğ–”ğ–™ğ–ğ–Šğ–— ğ•¹ğ–†ğ–™ğ–ğ–†ğ–“ğ–†ğ–Šğ–‘: If there wasn't  Hitlerâ€”there'd  ï¼®ï¼¯ Israhell #Ê²eÊ· #jâ‚‘Ê·s #â±¼áµ‰wâ±â‚›h #á¶»áµ¢áµ’â‚™â±â‚›áµ— #zâ±â‚’â¿áµ¢sâ‚œË¢ #â±â‚›Ê³AÊ°â‚‘Ë¡â‚— #áµ¢Ë¢áµ£aâ‚‘Ë¡ #Ê°áµ¢áµ—Lá´±áµ£ #fáµ£áµ‰â‚‘Pâ‚Ë¡áµ‰â‚›táµ¢â¿â‚‘ #áµ–â‚Ë¡eË¢â‚œiâ‚™áµ‰ 
87,@ecomnewsmed,2024-03-30T13:45:00.000Z,"  #Palestine: While the economic outlook was already critical before the start of the conflict between #Israel and #Hamas, it severely affects several fundamentals of the Palestinian #Economy. Analysis. https://bit.ly/4aauUh4 #IsraelPalestineWar"
88,@Target_Reporter,2024-03-30T13:45:34.000Z,"Pro-Palestinian protestors attempt to stop a US warship headed to aid Israel.
#Palestine #Israel #Gaza"
89,@GMultilingual24,2024-03-30T13:42:58.000Z,"US Senator Criticizes Biden's Authorization for Increased Weaponry to Israel

#US #Senator #JoeBidensAmerica #Israel #Gaza #Palestine #Europe #Bombs #WashingtonDc #World #HumanTrafficking"
90,@TahaKhader13,2024-03-30T13:35:59.000Z,"Israel is a racist and Apartheid,  even against its fellow Jewish people!

#GazaIsStarving #GazaGenocide #Palestine #IsraeliNazis #Israel #IsraelIsATerroristState #IsraeliTerrorists #IsraelIsAnApartheidState #IsraelisISIS #ÙÙ„Ø³Ø·ÙŠÙ†_ØªÙ†ØªØµØ± #ÙÙ„Ø³Ø·ÙŠÙ† #ØºØ²Ø©_ØªÙ†ØªØµØ± #Ø±ÙØ­_ØªØ­Øª_Ø§Ù„Ù‚ØµÙ #ØºØ²Ø© #Ø±ÙØ­"
91,@AlainAmharic,2024-03-30T13:34:42.000Z,"""Yom al-Ard"" - What is the origin of the Land Day that the Palestinians celebrated for 48 years?

The day commemorates the Palestinians who were killed for protesting against Israel's land occupation and looting.

#Palestine #Israel #gaza"
92,@3rdFloor9nine,2024-03-29T18:34:09.000Z,#Gaza #Israel #Palestine #BringBackTheHostages
93,@theinquilabin,2024-03-30T13:30:00.000Z,"Providing arms to Israel for human rights violations is against US law: Anil Shalin

https://inquilab.com/news/articles/former-state-department-official--annelle-sheline-said-providing-arms-to-israel-is-against-us-law-57198â€¦

#InquilabNews #NewsUpdate #Palestine #Israel #USA #UrduNews"
94,@radarafricacom,2024-03-30T13:28:47.000Z,"Lebanese Prime Minister Najib Mikati has condemned the ""targeting"" of United Nations forces in south Lebanon by Israeli forces. #Lebanon #Israel #Gaza #Palestine"
95,@paran_tweets,2024-03-30T13:28:48.000Z,"Palestinians will have a very very bad lives in the coming decades because of october 7.

You can cry as much as you want.
You pissed of the israelis.
Big mistake.
#gaza #israel #usa #russia #palestine #hamas #ukraine"
96,@davutklc1,2024-03-30T13:24:00.000Z,"You cannot say that civilization is not developing; They kill you in a new way in every battle.

- Will Rogers
.
.
.
.
#israel #palestine #war #nowar #gaza #stopisrael #gazagenocide"
97,@xpartano,2024-03-30T12:00:07.000Z,"#palestina #palestine #Europa #europe #unioneuropea #europeanunion #nato #OTAN #israel #guerra #USA #EstadosUnidos #US #uk #england #germany #france #francia  #deutcshland Israel #×¤×œ×©×ª×™×  #free Palestine#
. 
@dw_espanol
 . 
@rtvenoticias
 . 
@euronewses
 . 
@bbcmundo
 . 
@CNNEE
 . 
@AFPespanol"
98,@bergeloralah,2024-03-30T13:23:04.000Z,"#Israel #Palestine
CAN YOU OR NOT..? Israel Encourages Formation of Troops from Arab Countries to Be Stationed in Gaza, This Is the Goal https://bergelora.com/bisa-gak-nih-israel-dorong-pembentukan-pasukan-negara-negara-arab-untuk-ditempatkan-di-gaza-ini-tujuannya/â€¦ via @BERGELORA.COM"
99,@aymanfadel,2024-03-30T13:20:19.000Z,"In example #49393 where #USA colonizers do ridiculous mental gymnastics to justify their support for #Israel in #GazaGenocide, Glenn Greenwald discusses #Texas's new Executive Order restricting advocacy for #Palestine"
,0,1,2
0,@Tercron,2024-03-30T05:28:13.000Z,#Palestine #Israel
1,@quds_feed,2024-03-30T21:09:20.000Z,"#Ø´Ù‡ÙˆØ¯_Ø¹Ù„Ù‰_Ø§Ù„Ø¥Ø¨Ø§Ø¯Ø© | â€œWe have been besieged for 11 days. They targeted the house, most of them children, whom we pulled out from under the rubble.â€

Testimony of a Palestinian woman after she and her family were besieged by occupation soldiers.

#ØºØ²Ø© #ÙÙ„Ø³Ø·ÙŠÙ† #ØºØ²Ø©_ØªØ­Øª_Ø§Ù„Ù‚ØµÙ #Ø·ÙˆÙØ§Ù†_Ø§Ù„Ø£Ù‚ØµÙ‰
#Gaza #GazaUnderAttack #Palestine #Photography #News #Israel #Occupation"
2,@SawtBeirut,2024-03-30T21:05:40.000Z,"An American demands a nuclear attack on Gaza, only to find another citizen who confronts him
#palestine #GazaGenocide #Israel #USA"
3,@MirelaMonte,2024-03-29T13:16:38.000Z,"This cult is sick.

#WakeUpWorld #WakeUp 
#Israel #Gaza #Palestine #RedHeifer #prophecy #EndOfTimes #Armageddon"
4,@ssaqalabbas,2024-03-30T16:59:47.000Z,"What #Israel is doing in #Palestine isn't a matter of religion anymore; it's a matter of humanity. Injustice anywhere is a threat to justice everywhere.
Britain, like any true democratic country, cannot stay indifferent to crimes against humanity by #Israel.
#PalestineLivesMatter"
5,@LapuLap31940616,2024-03-30T16:55:52.000Z,"Honestly, haven't you noticed lately? Since #Ukraine , #Palestine  and #Israel  wars. I see more and more #conservatives fighting each other instead against the real threat(#WEF, #WHO, etc). I see this a lot in the #Netherlands also. #WakeUp !!"
6,@RNas71,2024-03-30T21:01:56.000Z,"Turkey has been selling Tel Aviv the boots the IDF tramples all over the Palestinian people with, for decades now. #israel #Gaza #Palestine"
7,@xavier_heim,2024-03-30T21:05:38.000Z,"Beautiful day in #Dallas, #TX. Good time to stand against the supporters of Hamas terrorists.

#IStandWithIsrael   

#Israel #Palestine #Gaza #Rafah 
@IDF
 @Israel"
8,@NoaLevi07102023,2024-03-30T21:03:41.000Z,"HEADLINES
""Airstrikes in Syria Escalate Tensions Amidst Israeli-Hamas Standoff""
""Nationwide Protests in Israel Demand Hostage Release, Criticize Netan...
05 PM update of Israel Today: Ongoing War Report
Listen and Subscribe: https://podcasts.apple.com/us/podcast/israel-today-ongoing-war-report/id1713244419â€¦
#Israel #Hamas #Gaza #Palestine"
9,@love_sissi1,2024-03-29T17:03:57.000Z,"#palestine #israel #IsraeliWarCrimes #WestBank #humanrights 
@CIJ_ICJ"
10,@ParamotornewsEn,2024-03-30T20:58:07.000Z,"Major demonstrations in ""Israel"" demanding the overthrow of the government and Netanyahu, attacking police cars, closing roads, and complete chaos, and things tend to escalate.
#Israel #GazaHoloucast #GazaIsStarving #Palestine"
11,@SoulScribe43,2024-03-30T20:56:27.000Z,"#LandDay #Zionist were imported into #Palestine by #Hitler & the #West. The ideology; a Jew is anyone who had an ancestors in Judaism. No matter if your follow or not. If any did, you are a Jew. The ideology behind #Aliyah to #Israel.

The struggle of the #Palestinian is #Nazism"
12,@CarymaRules,2024-03-30T20:54:04.000Z,"Two sets of protesters take to the streets at Yonge and Dundas.

Queenâ€™s Park Regulars were vastly outnumbered by pro-Palestine supporters, and ultimately had to detour their usual parade route. 

#cdnpoli #Toronto #Palestine #Israel #Gaza #ProtestMania"
13,@aminseif89,2024-03-30T13:53:23.000Z,"A terrorist Zionist from #israel, feeling happy about dead civilians. #palestine will be free and we will sing on Zionists graves."
14,@xinfolive,2024-03-30T20:30:18.000Z," An hour ago, Israeli warplanes heavily bombarded areas of the city of Khan Yunis, located in the south of the Gaza Strip
#IsraÃ«l #Hamas #Palestine #Gaza #OTAN #Occident #GazaGÃ©nocide #USA #Europe #Yemen #Houthis"
15,@Africa_First1,2024-03-30T19:29:01.000Z,"The fake democracy of #USA.
#Israel
#Palestine
#GazaHoloucast"
16,@lilbigwitch,2024-03-30T20:23:03.000Z,"#HOUTHIS put MARITIME EMBARGO TO SANCTION #ZIONIST #ISRAEL FOR #GENOCIDE OF #PALESTINIAN PPL IN #GAZA

NOBODY DIED until 
@JoeBiden
 ILLEGALLY ATTACKED #YEMEN

BILLIONS OF TAXPAYER $ WASTED & DEATH TO FACILITATE SLAUGHTER IN #PALESTINE

#REMEMBERINNOVEMBER"
17,@Mariam23746326,2024-03-30T12:52:17.000Z,"Imagine singing a lullaby to dead bodies.
Only the IOF.
God is watching
#PALESTINE #IOF #israel #crime #USA"
18,@Bridgettekw,2024-03-30T20:20:24.000Z,"Palestine Protestors on bikes in Oakland, CA. #Oakland #rockridge #HappeningNow #TrendingNow #breakingnews #TwitterX #Palestine #Israel #war #socialmedia 
@Bridgettekw"
19,@siaartw,2024-03-30T20:19:24.000Z,"All those who complained about Palestinians blocking streets are silent about Israelis blocking streets. From Democracy to Zionism, What level of hypocrisy is this?

#Democracy #zionism #Israel #telaviv #Palestine"
,0,1,2
0,@quds_feed,2024-03-30T21:33:30.000Z," A large presence of the Iraqi masses in Tahrir Square in the capital, Baghdad, in support of the Palestinian people and the resistance in Gaza.

#ØºØ²Ø© #ÙÙ„Ø³Ø·ÙŠÙ† #ØºØ²Ø©_ØªØ­Øª_Ø§Ù„Ù‚ØµÙ #Ø·ÙˆÙØ§Ù†_Ø§Ù„Ø£Ù‚ØµÙ‰
#Gaza #GazaUnderAttack #Palestine #Photography #News #Israel #Occupation

https://chat.whatsapp.com/IUyQ6UDOxGz8g6R9hsMyXJâ€¦"
1,@KokabelM,2024-03-30T20:44:06.000Z,"Children are starving in Sudan too!
#gaza #rsf #palestine  #israel #unrwa 
#KeepEyesOnSudan"
2,@BeatriceStrouf,2024-03-30T20:59:15.000Z,#Fondamental #Sionisme #PeupleAutochtone #IndigÃ¨neDuSionisme #JudaÃ¯sme #IsraÃ«l #Palestine
3,@Idontcare3232,2024-03-30T21:31:26.000Z,"#Israel #Gaza #Gazze #Filistin #Palestine #Hamas #gazaunderattack #ceasefire #Trending #FreePalestine #Palestina #USA #MedioOriente #PalestinaLibre
Dear Hamas. We're almost halfway through the deck."
4,@domipre2016,2024-03-30T17:04:10.000Z,"But let them chase him away, this thug from #Netanyahou ! #israel #gaza #palestine #bfmtv #lci #cnews #lcp #franceinfo #franceinter"
5,@sloughpsc,2024-03-30T21:30:07.000Z,"London March for #Palestine today. The scroll goes on and on with the names of 33,000 martyrs murdered by #Israel in their #genocide of #Gaza"
6,@BasseCourFr,2024-03-30T21:29:30.000Z,"""Israel maintains pressure on Gaza as deaths linked to aid distributions increase. #Gaza #IsraÃ«l #Palestine """
7,@BlueMemey,2024-03-30T21:29:29.000Z,Think about it. #pallywood #palestine #gaza #israel #idf #warcrimes
8,@war_noir,2024-03-30T21:29:21.000Z,"#Palestine / #Israel : ""Al-Aqsa Martyrs Brigades"" and ""Al-Quds Brigades"" carried out a joint attack on #IDF Troops in the vicinity of Al-Shifa Hospital in #Gaza.

The groups used a covert possible 60mm #Iran-made  DIO HM-14 mortar with M61 HE (High-explosive) mortar bombs."
9,@AmynDyayy91057,2024-03-30T21:26:17.000Z,#gaze #gaza #palestine #israel #sahyonism   #zionism #america #truth
10,@aliaskhalid,2024-03-30T21:25:19.000Z,â€œHell is empty all the demons are hereâ€ Shakespear #GazaFamine #Gaza #Tsahal #Israel #Palestine
11,@JudithKlinger1,2024-03-30T18:58:00.000Z,"My respect to the upstanding citizens in #Israel who are relentlessly taking to the streets and protesting because they are fed up with #Netanjahu and the other right-wing extremist criminals who are hiding behind the government bench.

#Gaza #Palestine"
12,@WHUFCIrons4life,2024-03-30T21:23:49.000Z,"These Muslims, champagne socialist leftists, crusties, and â¦
@jeremycorbyn
â© fanatics attacked police for arresting a TERROR suspect today in London. Think about that for a moment. #London #Hamas #Gaza #Palestine #Labour #Israel."
13,@MakeItAsOne,2024-03-30T17:46:46.000Z,"Some still #deny the #genocide in #Palestine...

This is what #zionism (#Israel/ #USA and #Europe) is doing to #Palestinian #children.

This is what #presidents like #Milei support.

#IsraelIsATerroristState 
#StopTheGenocide
#DismantleIsrael
#FreePalestine"
14,@paran_tweets,2024-03-30T21:21:25.000Z,"Can you show me an official document showing the land belonged to the palestinians please?
Thank you.
Oh and please explain who were the hebrew people living here for thousands of years.
Thanks again
#gaza #usa #israel #russia #ukraine #palestine #hamas #FreePalesine"
15,@InfosMinutesFR,2024-03-30T21:21:01.000Z,  : Several thousand demonstrators in Tel Aviv against Netanyahu and an agreement with Hamas for the release of hostages. #Israel #Palestine #Gaza
16,@Tercron,2024-03-30T05:28:13.000Z,#Palestine #Israel
17,@ssaqalabbas,2024-03-30T16:59:47.000Z,"What #Israel is doing in #Palestine isn't a matter of religion anymore; it's a matter of humanity. Injustice anywhere is a threat to justice everywhere.
Britain, like any true democratic country, cannot stay indifferent to crimes against humanity by #Israel.
#PalestineLivesMatter"
18,@RNas71,2024-03-30T21:01:56.000Z,"Turkey has been selling Tel Aviv the boots the IDF tramples all over the Palestinian people with, for decades now. #israel #Gaza #Palestine"
19,@MirelaMonte,2024-03-29T13:16:38.000Z,"This cult is sick.

#WakeUpWorld #WakeUp 
#Israel #Gaza #Palestine #RedHeifer #prophecy #EndOfTimes #Armageddon"
,0,1,2
0,@quds_feed,2024-03-30T21:34:21.000Z," Urgent | Occupation aircraft targeted the vicinity of Kuwait Roundabout, southeast of Gaza City.

#ØºØ²Ø© #ÙÙ„Ø³Ø·ÙŠÙ† #ØºØ²Ø©_ØªØ­Øª_Ø§Ù„Ù‚ØµÙ #Ø·ÙˆÙØ§Ù†_Ø§Ù„Ø£Ù‚ØµÙ‰
#Gaza #GazaUnderAttack #Palestine #Photography #News #Israel #Occupation"
1,@KokabelM,2024-03-30T20:44:06.000Z,"Children are starving in Sudan too!
#gaza #rsf #palestine  #israel #unrwa 
#KeepEyesOnSudan"
2,@BeatriceStrouf,2024-03-30T20:59:15.000Z,#Fondamental #Sionisme #PeupleAutochtone #IndigÃ¨neDuSionisme #JudaÃ¯sme #IsraÃ«l #Palestine
3,@Idontcare3232,2024-03-30T21:31:26.000Z,"#Israel #Gaza #Gazze #Filistin #Palestine #Hamas #gazaunderattack #ceasefire #Trending #FreePalestine #Palestina #USA #MedioOriente #PalestinaLibre
Dear Hamas. We're almost halfway through the deck."
4,@domipre2016,2024-03-30T17:04:10.000Z,"But let them chase him away, this thug from #Netanyahou ! #israel #gaza #palestine #bfmtv #lci #cnews #lcp #franceinfo #franceinter"
5,@sloughpsc,2024-03-30T21:30:07.000Z,"London March for #Palestine today. The scroll goes on and on with the names of 33,000 martyrs murdered by #Israel in their #genocide of #Gaza"
6,@BasseCourFr,2024-03-30T21:29:30.000Z,"""Israel maintains pressure on Gaza as deaths linked to aid distributions increase. #Gaza #IsraÃ«l #Palestine """
7,@BlueMemey,2024-03-30T21:29:29.000Z,Think about it. #pallywood #palestine #gaza #israel #idf #warcrimes
8,@war_noir,2024-03-30T21:29:21.000Z,"#Palestine / #Israel : ""Al-Aqsa Martyrs Brigades"" and ""Al-Quds Brigades"" carried out a joint attack on #IDF Troops in the vicinity of Al-Shifa Hospital in #Gaza.

The groups used a covert possible 60mm #Iran-made  DIO HM-14 mortar with M61 HE (High-explosive) mortar bombs."
9,@AmynDyayy91057,2024-03-30T21:26:17.000Z,#gaze #gaza #palestine #israel #sahyonism   #zionism #america #truth
10,@aliaskhalid,2024-03-30T21:25:19.000Z,â€œHell is empty all the demons are hereâ€ Shakespear #GazaFamine #Gaza #Tsahal #Israel #Palestine
11,@JudithKlinger1,2024-03-30T18:58:00.000Z,"My respect to the upstanding citizens in #Israel who are relentlessly taking to the streets and protesting because they are fed up with #Netanjahu and the other right-wing extremist criminals who are hiding behind the government bench.

#Gaza #Palestine"
12,@WHUFCIrons4life,2024-03-30T21:23:49.000Z,"These Muslims, champagne socialist leftists, crusties, and â¦
@jeremycorbyn
â© fanatics attacked police for arresting a TERROR suspect today in London. Think about that for a moment. #London #Hamas #Gaza #Palestine #Labour #Israel."
13,@MakeItAsOne,2024-03-30T17:46:46.000Z,"Some still #deny the #genocide in #Palestine...

This is what #zionism (#Israel/ #USA and #Europe) is doing to #Palestinian #children.

This is what #presidents like #Milei support.

#IsraelIsATerroristState 
#StopTheGenocide
#DismantleIsrael
#FreePalestine"
14,@paran_tweets,2024-03-30T21:21:25.000Z,"Can you show me an official document showing the land belonged to the palestinians please?
Thank you.
Oh and please explain who were the hebrew people living here for thousands of years.
Thanks again
#gaza #usa #israel #russia #ukraine #palestine #hamas #FreePalesine"
15,@InfosMinutesFR,2024-03-30T21:21:01.000Z,  : Several thousand demonstrators in Tel Aviv against Netanyahu and an agreement with Hamas for the release of hostages. #Israel #Palestine #Gaza
16,@Tercron,2024-03-30T05:28:13.000Z,#Palestine #Israel
17,@ssaqalabbas,2024-03-30T16:59:47.000Z,"What #Israel is doing in #Palestine isn't a matter of religion anymore; it's a matter of humanity. Injustice anywhere is a threat to justice everywhere.
Britain, like any true democratic country, cannot stay indifferent to crimes against humanity by #Israel.
#PalestineLivesMatter"
18,@RNas71,2024-03-30T21:01:56.000Z,"Turkey has been selling Tel Aviv the boots the IDF tramples all over the Palestinian people with, for decades now. #israel #Gaza #Palestine"
19,@MirelaMonte,2024-03-29T13:16:38.000Z,"This cult is sick.

#WakeUpWorld #WakeUp 
#Israel #Gaza #Palestine #RedHeifer #prophecy #EndOfTimes #Armageddon"
